{
  "manifest_version": 3,
  "name": "arXiv AI Extension",
  "version": "1.0.0",
  "description": "Easily import arXiv papers into AI chat platforms with /arxiv command",
  "icons": {
    "16": "assets/icons/icon16.png",
    "48": "assets/icons/icon48.png",
    "128": "assets/icons/icon128.png"
  },

  "browser_specific_settings": {
    "gecko": {
      "id": "arxiv-ai-extension@example.com",
      "strict_min_version": "109.0"
    }
  },

  "background": {
    "scripts": ["background/service-worker.js"]
  },

  "permissions": [
    "storage",
    "activeTab",
    "contextMenus",
    "notifications",
    "scripting"
  ],

  "host_permissions": [
    "https://chatgpt.com/*",
    "https://chat.openai.com/*",
    "https://gemini.google.com/*",
    "https://aistudio.google.com/*",
    "https://arxiv.org/*"
  ],

  "content_scripts": [
    {
      "matches": [
        "https://chatgpt.com/*",
        "https://chat.openai.com/*",
        "https://gemini.google.com/*",
        "https://aistudio.google.com/*"
      ],
      "js": [
        "utils/arxiv-parser.js",
        "utils/cache-manager.js",
        "utils/progress-tracker.js",
        "content-scripts/site-configs.js",
        "content-scripts/file-injector.js",
        "content-scripts/chat-detector.js",
        "content-scripts/main.js"
      ],
      "css": [
        "components/arxiv-modal.css"
      ],
      "run_at": "document_end"
    }
  ],

  "action": {
    "default_title": "arXiv AI Extension",
    "default_popup": "components/popup.html"
  }
}
